id;username;password;email;status;created_at;login;first_name;last_name;image_url;activated
1;ah eek;parodyXX;"gLb.z@n\bJ&";INACTIVE;2025-04-23T09:00:04;"d6X";Blake;Parker;till curly;true
2;searchingly;erXXXXXX;"G@vPS\,(}G=Wa";INACTIVE;2025-04-23T05:34:53;"ZB*@bKg\Rjrl6r";Aliyah;Bahringer;hmph usefully limply;false
3;while;faint consistency;"pj@J\7arVG=";INACTIVE;2025-04-23T09:34:21;"O9Qo@VJmc-\cqAPkO\:q9QECE\j3\49a4J\1LBk";Rick;Wiza;whenever;false
4;turret er harp;liberalize after;"9{7@-\#<`,]Z";SUSPENDED;2025-04-23T10:48:19;"M0$DY@xdc\oD\+r\}AY\VWDSO\flbpY";Karlie;Kohler;video forgo forecast;false
5;reorganisation lest;good treble;"$@-\[56q";INACTIVE;2025-04-23T17:36:20;"PCn-rb@Kkh\TMVm";Travis;Orn;surprised poor zesty;true
6;whine gee before;pleased yippee;"3:w'@7cQY\4!";INACTIVE;2025-04-23T12:56:33;"Q2IACC";Hubert;Robel;irritably obedient via;false
7;hungrily axe;which lest;"S7d @[,U\ApNl";ACTIVE;2025-04-23T07:27:45;"up";Lester;Cremin;ick synergy;false
8;boldly circumnavigate violent;beneath traffic in;"1p5^bc@W\dF(G#";INACTIVE;2025-04-23T21:10:41;"0.k@O\9R";Jonas;Spencer;meh searchingly heating;false
9;behind masticate;yum ignorant;"N@[G\l(>D`";ACTIVE;2025-04-23T05:22:46;"O8@";Bonita;MacGyver;last saw tensely;false
10;expert um;descendant curiously;"OS|w.D@-?yx\*O";ACTIVE;2025-04-23T14:40:10;"ZMkh6";Marcus;Kautzer-Osinski;yawningly including pertinent;true
